Buy,Household Adhesive,Adhesive Tape,Scotchtape,50,10
Buy,Household Adhesive,Duct Tape,DuctTape,50,10
Buy,Household Adhesive,Glue,Glue,50,10
Buy,Household Adhesive,Wood Glue,Woodglue,50,10
Buy,Household Appearance,Blonde Hair Dye,HairDyeBlonde,50,10
Buy,Household Appearance,Black Hair Dye,HairDyeBlack,50,10
Buy,Household Appearance,White Hair Dye,HairDyeWhite,50,10
Buy,Household Appearance,Pink Hair Dye,HairDyePink,50,10
Buy,Household Appearance,Yellow Hair Dye,HairDyeYellow,50,10
Buy,Household Appearance,Red Hair Dye,HairDyeRed,50,10
Buy,Household Appearance,Strawberry Blonde Hair Dye,HairDyeGinger,50,10
Buy,Household Appearance,Light Brown Hair Dye,HairDyeLightBrown,50,10
Buy,Household Appearance,Green Hair Dye,HairDyeGreen,50,10
Buy,Household Appearance,Blue Hair Dye,HairDyeBlue,50,10
Buy,Household Appearance,Hair Gel,Hairgel,50,10
Buy,Household Appearance,Lipstick,Lipstick,50,10
Buy,Household Appearance,Eyes Makeup,MakeupEyeshadow,50,10
Buy,Household Appearance,Foundation Makeup,MakeupFoundation,50,10
Buy,Household Appearance,Mirror,Mirror,50,10
Buy,Household Appearance,Perfume,Perfume,50,10
Buy,Household Appearance,Ring,Ring,50,10
Buy,Household Appearance,Hairspray,Hairspray,50,10
Buy,Household Cleaning,Bath Towel,BathTowel,50,10
Buy,Household Cleaning,Household Cleaning Liquid,Household CleaningLiquid,50,10
Buy,Household Cleaning,Dish Towel,DishCloth,50,10
Buy,Household Cleaning,Mop,Mop,50,10
Buy,Household Cleaning,Soap,Soap,50,10
Buy,Household Cleaning,Bleach,Bleach,50,10
Buy,Household Cooking,Baking Pan,BakingPan,50,10
Buy,Household Cooking,Empty Jar,BoxOfJars,50,10
Buy,Household Cooking,Bread Knife,BreadKnife,50,10
Buy,Household Cooking,Butter Knife,ButterKnife,50,10
Buy,Household Cooking,Can Opener,TinOpener,50,10
Buy,Household Cooking,Empty Jar,EmptyJar,50,10
Buy,Household Cooking,Fork,Fork,50,10
Buy,Household Cooking,Frying Pan,Pan,50,10
Buy,Household Cooking,Griddle Pan,GridlePan,50,10
Buy,Household Cooking,Empty Jar,JarLid,50,10
Buy,Household Cooking,Kitchen Knife,KitchenKnife,50,10
Buy,Household Cooking,Meat Cleaver,MeatCleaver,50,10
Buy,Household Cooking,Mortar and Pestle,MortarPestle,50,10
Buy,Household Cooking,Roasting Pan,RoastingPan,50,10
Buy,Household Cooking,Rolling Pin,RollingPin,50,10
Buy,Household Cooking,Saucepan,Saucepan,50,10
Buy,Household Cooking,Spoon,Spoon,50,10
Buy,Household Electronics,Video Game,VideoGame,50,10
Buy,Household Electronics,CD Player,CDplayer,50,10
Buy,Household Electronics,Cordless Phone,CordlessPhone,50,10
Buy,Household Electronics,Earbuds,Earbuds,50,10
Buy,Household Electronics,Headphones,Headphones,50,10
Buy,Household Electronics,Home Alarm,HomeAlarm,50,10
Buy,Household Electronics,Speaker,Speaker,50,10
Buy,Household Electronics,Timer,Timer,50,10
Buy,Household Electronics,TV Remote,Remote,50,10
Buy,Household Fuel,Propane Tank,PropaneTank,50,10
Buy,Household Furniture,Toys-R-Mine Walkie Talkie,WalkieTalkie1,50,10
Buy,Household Furniture,ValuTech Walkie Talkie,WalkieTalkie2,50,10
Buy,Household Furniture,Premium Tech. Walkie Talkie,WalkieTalkie3,50,10
Buy,Household Furniture,Tactical Walkie Talkie,WalkieTalkie4,50,10
Buy,Household Furniture,US Army Walkie Talkie,WalkieTalkie5,50,10
Buy,Household Furniture,Makeshift Walkie Talkie,WalkieTalkieMakeShift,50,10
Buy,Household Furniture,Premium Technologies Ham Survival Radio,HamRadio1,50,10
Buy,Household Furniture,US ARMY COMM. Ham Survival Radio,HamRadio2,50,10
Buy,Household Furniture,Makeshift Ham Survival Radio,HamRadioMakeShift,50,10
Buy,Household Furniture,Premium Technologies Survival Radio,RadioRed,50,10
Buy,Household Furniture,ValuTech Survival Radio,RadioBlack,50,10
Buy,Household Furniture,Makeshift Survival Radio,RadioMakeShift,50,10
Buy,Household Furniture,Premium Technologies Television,TvWideScreen,50,10
Buy,Household Furniture,ValuTech Television,TvBlack,50,10
Buy,Household Furniture,Mattress,Mattress,50,10
Buy,Household Furniture,Pillow,Pillow,50,10
Buy,Household Furniture,Lamp,Lamp,50,10
Buy,Household Furniture,Antique Television,TvAntique,50,10
Buy,Household Misc,Paperclip,Paperclip,50,10
Buy,Household Misc,Baseball,Baseball,50,10
Buy,Household Misc,Basketball,Basketball,50,10
Buy,Household Misc,Bell,Bell,50,10
Buy,Household Misc,Chess Pieces,ChessBlack,50,10
Buy,Household Misc,Bricktoys,Bricktoys,50,10
Buy,Household Misc,Button,Button,50,10
Buy,Household Misc,Cat Toy,CatToy,50,10
Buy,Household Misc,CD,Disc,50,10
Buy,Household Misc,Cologne,Cologne,50,10
Buy,Household Misc,Comb,Comb,50,10
Buy,Household Misc,Corkscrew,Corkscrew,50,10
Buy,Household Misc,Crayons,Crayons,50,10
Buy,Household Misc,Credit Card,CreditCard,50,10
Buy,Household Misc,Cube,Cube,50,10
Buy,Household Misc,Dart,Dart,50,10
Buy,Household Misc,Dice,Dice,50,10
Buy,Household Misc,Dog Chew Toy,DogChew,50,10
Buy,Household Misc,Doll,Doll,50,10
Buy,Household Misc,Frame,Frame,50,10
Buy,Household Misc,Football,Football,50,10
Buy,Household Misc,Golf Ball,GolfBall,50,10
Buy,Household Misc,Leash,Leash,50,10
Buy,Household Misc,Locket,Locket,50,10
Buy,Household Misc,Playing Cards,CardDeck,50,10
Buy,Household Misc,Pool Ball,Poolball,50,10
Buy,Household Misc,Razor,Razor,50,10
Buy,Household Misc,Rubber Band,RubberBand,50,10
Buy,Household Misc,Rubber Duck,Rubberducky,50,10
Buy,Household Misc,Spiffo (item),Spiffo,50,10
Buy,Household Misc,Sponge,Sponge,50,10
Buy,Household Misc,Tennis Ball,TennisBall,50,10
Buy,Household Misc,Toilet Paper,ToiletPaper,50,10
Buy,Household Misc,Toothbrush,Toothbrush,50,10
Buy,Household Misc,Toothpaste,Toothpaste,50,10
Buy,Household Misc,Toy Bear,ToyBear,50,10
Buy,Household Misc,Toy Car,ToyCar,50,10
Buy,Household Misc,Chess Pieces,ChessWhite,50,10
Buy,Household Misc,Water Dish,WaterDish,50,10
Buy,Household Misc,Yoyo,Yoyo,50,10
Buy,Household Misc MP,Car Key,CarKey,50,10
Buy,Household Misc MP,House Key,Key1,50,10
Buy,Household Misc MP,House Key,Key2,50,10
Buy,Household Misc MP,House Key,Key3,50,10
Buy,Household Misc MP,House Key,Key4,50,10
Buy,Household Misc MP,House Key,Key5,50,10
Buy,Household Misc MP,Key,KeyPadlock,50,10
Buy,Household Misc MP,Combination Padlock,CombinationPadlock,50,10
Buy,Household Misc MP,Padlock,Padlock,50,10
Buy,Household Useful,Knitting Needles,KnittingNeedles,50,10
Buy,Household Useful,Alarm Clock,AlarmClock,50,10
Buy,Household Useful,Blue Pen,BluePen,50,10
Buy,Household Useful,Eraser,Eraser,50,10
Buy,Household Useful,Needle,Needle,50,10
Buy,Household Useful,Pen,Pen,50,10
Buy,Household Useful,Pencil,Pencil,50,10
Buy,Household Useful,Red Pen,RedPen,50,10
Buy,Household Useful,Scissors,Scissors,50,10
Buy,Household Useful,Empty Notebook,Notebook,50,10
Buy,Household Useful,Journal,Journal,50,10
Buy,Household Useful,Sheet of Paper,SheetPaper2,50,10
Buy,Household Useful,Letter Opener,LetterOpener,50,10