Buy,Useful Exercise,BarBell,BarBell,500,10
Buy,Useful Exercise,DumbBell,DumbBell,250,10
Buy,Useful,Alarm Clock,AlarmClock,50,10
Buy,Useful,Blue Pen,BluePen,50,10
Buy,Useful,Empty Notebook,Notebook,50,10
Buy,Useful,Eraser,Eraser,50,10
Buy,Useful,Journal,Journal,50,10
Buy,Useful,Knitting Needles,KnittingNeedles,50,10
Buy,Useful,Letter Opener,LetterOpener,50,10
Buy,Useful,Needle,Needle,50,10
Buy,Useful,Pen,Pen,50,10
Buy,Useful,Pencil,Pencil,50,10
Buy,Useful,Red Pen,RedPen,50,10
Buy,Useful,Scissors,Scissors,50,10
Buy,Useful,Sheet of Paper,SheetPaper2,50,10
Buy,Useful,Umbrella Black,UmbrellaBlack,50,10
Buy,Useful,Umbrella Blue,UmbrellaBlue,50,10
Buy,Useful,Umbrella Red,UmbrellaRed,50,10
Buy,Useful,Umbrella White,UmbrellaWhite,50,10
Buy,Misc MP,Car Key,CarKey,50,10
Buy,Misc MP,Combination Padlock,CombinationPadlock,50,10
Buy,Misc MP,House Key,Key1,50,10
Buy,Misc MP,House Key,Key2,50,10
Buy,Misc MP,House Key,Key3,50,10
Buy,Misc MP,House Key,Key4,50,10
Buy,Misc MP,House Key,Key5,50,10
Buy,Misc MP,Key,KeyPadlock,50,10
Buy,Misc MP,Padlock,Padlock,50,10
Buy,Misc,Baseball,Baseball,50,10
Buy,Misc,Basketball,Basketball,50,10
Buy,Misc,Bell,Bell,50,10
Buy,Misc,Bricktoys,Bricktoys,50,10
Buy,Misc,Button,Button,50,10
Buy,Misc,Cat Toy,CatToy,50,10
Buy,Misc,CD,Disc,50,10
Buy,Misc,Chess Pieces,ChessBlack,50,10
Buy,Misc,Chess Pieces,ChessWhite,50,10
Buy,Misc,Cologne,Cologne,50,10
Buy,Misc,Comb,Comb,50,10
Buy,Misc,Corkscrew,Corkscrew,50,10
Buy,Misc,Crayons,Crayons,50,10
Sell,Misc,Credit Card,CreditCard,25,10
Buy,Misc,Cube,Cube,50,10
Buy,Misc,Dart,Dart,50,10
Buy,Misc,Dice,Dice,50,10
Buy,Misc,Dog Chew Toy,DogChew,50,10
Buy,Misc,Doll,Doll,50,10
Buy,Misc,Football,Football,50,10
Buy,Misc,Frame,Frame,50,10
Buy,Misc,Golf Ball,GolfBall,50,10
Buy,Misc,Leash,Leash,50,10
Buy,Misc,Locket,Locket,50,10
Buy,Misc,Paperclip,Paperclip,50,10
Buy,Misc,Playing Cards,CardDeck,50,10
Buy,Misc,Pool Ball,PoolBall,50,10
Buy,Misc,Razor,Razor,50,10
Buy,Misc,Rubber Band,RubberBand,50,10
Buy,Misc,Rubber Duck,Rubberducky,50,10
Buy,Misc,Spiffo (item),Spiffo,50,10
Buy,Misc,Sponge,Sponge,50,10
Buy,Misc,Tennis Ball,TennisBall,50,10
Buy,Misc,Toilet Paper,ToiletPaper,50,10
Buy,Misc,Toothbrush,Toothbrush,50,10
Buy,Misc,Toothpaste,Toothpaste,50,10
Buy,Misc,Toy Bear,ToyBear,50,10
Buy,Misc,Toy Car,ToyCar,50,10
Buy,Misc,Water Dish,WaterDish,50,10
Buy,Misc,Yoyo,Yoyo,50,10
Buy,Misc,Plunger,Plunger,50,10
Buy,Furniture,Antique Television,TvAntique,50,10
Buy,Furniture,Lamp,Lamp,50,10
Buy,Furniture,Makeshift Ham Survival Radio,HamRadioMakeShift,50,10
Buy,Furniture,Makeshift Survival Radio,RadioMakeShift,50,10
Buy,Furniture,Makeshift Walkie Talkie,WalkieTalkieMakeShift,50,10
Buy,Furniture,Mattress,Mattress,50,10
Buy,Furniture,Pillow,Pillow,50,10
Buy,Furniture,Premium Tech. Walkie Talkie,WalkieTalkie3,50,10
Buy,Furniture,Premium Technologies Ham Survival Radio,HamRadio1,50,10
Buy,Furniture,Premium Technologies Survival Radio,RadioRed,50,10
Buy,Furniture,Premium Technologies Television,TvWideScreen,50,10
Buy,Furniture,Tactical Walkie Talkie,WalkieTalkie4,50,10
Buy,Furniture,Toys-R-Mine Walkie Talkie,WalkieTalkie1,50,10
Buy,Furniture,US ARMY COMM. Ham Survival Radio,HamRadio2,50,10
Buy,Furniture,US Army Walkie Talkie,WalkieTalkie5,50,10
Buy,Furniture,ValuTech Survival Radio,RadioBlack,50,10
Buy,Furniture,ValuTech Television,TvBlack,50,10
Buy,Furniture,ValuTech Walkie Talkie,WalkieTalkie2,50,10
Buy,Fuel,Propane Tank,PropaneTank,50,10
Buy,Electronics,CD Player,CDplayer,50,10
Buy,Electronics,Cordless Phone,CordlessPhone,50,10
Buy,Electronics,Earbuds,Earbuds,50,10
Buy,Electronics,Headphones,Headphones,50,10
Buy,Electronics,Home Alarm,HomeAlarm,50,10
Buy,Electronics,Speaker,Speaker,50,10
Buy,Electronics,Timer,Timer,50,10
Buy,Electronics,TV Remote,Remote,50,10
Buy,Electronics,Video Game,VideoGame,50,10
Buy,Cooking,Baking Pan,BakingPan,50,10
Buy,Cooking,Bread Knife,BreadKnife,50,10
Buy,Cooking,Butter Knife,ButterKnife,50,10
Buy,Cooking,Can Opener,TinOpener,50,10
Buy,Cooking,Box of Jars,BoxOfJars,50,10
Buy,Cooking,Empty Jar,EmptyJar,50,10
Buy,Cooking,Jar Lid,JarLid,50,10
Buy,Cooking,Fork,Fork,50,10
Buy,Cooking,Frying Pan,Pan,50,10
Buy,Cooking,Griddle Pan,GridlePan,50,10
Buy,Cooking,Kitchen Knife,KitchenKnife,50,10
Buy,Cooking,Meat Cleaver,MeatCleaver,50,10
Buy,Cooking,Mortar and Pestle,MortarPestle,50,10
Buy,Cooking,Roasting Pan,RoastingPan,50,10
Buy,Cooking,Rolling Pin,RollingPin,50,10
Buy,Cooking,Saucepan,Saucepan,50,10
Buy,Cooking,Spoon,Spoon,50,10
Buy,Cleaning,Bath Towel,BathTowel,50,10
Buy,Cleaning,Bleach,Bleach,50,10
Buy,Cleaning,Dish Towel,DishCloth,50,10
Buy,Cleaning,Household Cleaning Liquid,HouseholdCleaningLiquid,50,10
Buy,Cleaning,Mop,Mop,50,10
Buy,Cleaning,Soap,Soap,50,10
Buy,Appearance,Black Hair Dye,HairDyeBlack,50,10
Buy,Appearance,Blonde Hair Dye,HairDyeBlonde,50,10
Buy,Appearance,Blue Hair Dye,HairDyeBlue,50,10
Buy,Appearance,Eyes Makeup,MakeupEyeshadow,50,10
Buy,Appearance,Foundation Makeup,MakeupFoundation,50,10
Buy,Appearance,Green Hair Dye,HairDyeGreen,50,10
Buy,Appearance,Hair Gel,Hairgel,50,10
Buy,Appearance,Hairspray,Hairspray,50,10
Buy,Appearance,Light Brown Hair Dye,HairDyeLightBrown,50,10
Buy,Appearance,Lipstick,Lipstick,50,10
Buy,Appearance,Mirror,Mirror,50,10
Buy,Appearance,Perfume,Perfume,50,10
Buy,Appearance,Pink Hair Dye,HairDyePink,50,10
Buy,Appearance,Red Hair Dye,HairDyeRed,50,10
Buy,Appearance,Ring,Ring,50,10
Buy,Appearance,Strawberry Blonde Hair Dye,HairDyeGinger,50,10
Buy,Appearance,White Hair Dye,HairDyeWhite,50,10
Buy,Appearance,Yellow Hair Dye,HairDyeYellow,50,10
Buy,Adhesive,Adhesive Tape,Scotchtape,50,10
Buy,Adhesive,Duct Tape,DuctTape,50,10
Buy,Adhesive,Glue,Glue,50,10
Buy,Adhesive,Wood Glue,Woodglue,50,10